,,Shopify CSV format,Info from B&T,Info not downloaded from B&T
,,Handle,ISBN,
,,Title,Title,
,,Body (HTML),Sub-Title,
,,Vendor,Pub-Code,
,,Type,Product-Line,
,,Tags,BTKey,
,,Published,,0
,,Option1 Name,,"""format"""
,,Option1 Value,Physical-Format,
,,Option2 Name,,"""author"""
,,Option2 Value,Author-Artist,
,,Option3 Name,,"""genre"
,,Option3 Value,BISAC-Code,
,,Variant SKU,ISBN,
,,Variant Grams,,1
,,Variant Inventory Tracker,,"""shopify"""
,,Variant Inventory Qty,Qty-Confirmed,
,,Variant Inventory Policy,,deny
,,Variant Fulfillment Service,,manual
,,Variant Price,List-Price,
,,Variant Compare At Price,Net-Price,
,,Variant Requires Shipping,,""""""
,,Variant Taxable,,""""""
,,Variant Barcode,ISBN,
,,Image Src,,""""""
,,Image Alt Text,,""""""
,,Gift Card,,0
