"ISBN","ISBN10","UPC","BTKey","OCLC_Number","Title","Sub-Title","Author-Artist","Pub-Code","Publisher","List-Price","Net-Price","Pub-Date","Pub-Stat","Product-Line","Physical-Format","Binding/Format","Edition-Number","Edition","Attributes","AV-Attributes","Genre","LCCN","Dewey","LC-Class","BISAC-Code","Cart-Name","Cart-Status","PO-Number","Cart-Notes","SubmittedDate","Qty-Ordered","Qty-Confirmed","Qty-Backordered","Qty-Canceled","PO-Line-Number","Bib-Number","Line-Notes","Member-Code","Item-Type","Collection-Code","Call-Number","Grid-Qty","GridSeq0","GridSeq1","GridSeq2","GridSeq3","GridSeq4","GridSeq5","GridSeq6","GridSeq7","GridSeq8","GridSeq9"
"9781937512651","1937512657",,"0020447356",,"They Can't Kill Us Until They Kill Us","Essays","Abdurraqib, Hanif","PUBGW","Pgw","$16.99","$9.68","11/7/2017",,"BOOK","Paperback","PAP",,,,,,"bl2017051140","814/.6","PS3623.I57748 A6 2017","LCO010000","OEBT_T437765_CLASSICS","Ordered","CLASSICS",,"4/17/2018 11:19:43 AM","0001","0001","0","0","Literature Classics",,,,,,,,,,,,,,,,,
"9781607105480","1607105489",,"0010829814",,"Little Women",,"Alcott, Louisa May","PRTRW","Printers Row Pub Group","$14.99","$8.54","9/1/2012",,"BOOK","Paperback","PAP",,,"Leather",,,"2012029711","813/.4","PS1017 .L5 2012","FIC004000","OEBT_T437765_CLASSICS","Ordered","CLASSICS",,"4/17/2018 11:19:43 AM","0001","0001","0","0","Literature Classics",,,,,,,,,,,,,,,,,
"9781626869738","1626869731",,"0019431789",,"Mansfield Park",,"Austen, Jane","PRTRW","Printers Row Pub Group","$14.99","$8.54","4/1/2017",,"BOOK","Paperback","PAP",,,,,,"2016035406","823/.7","PR4034 .M3 2017C","FIC004000","OEBT_T437765_CLASSICS","Ordered","CLASSICS",,"4/17/2018 11:19:43 AM","0001","0001","0","0","Literature Classics",,,,,,,,,,,,,,,,,
"9781607107354","160710735X",,"0012025164",,"Persuasion",,"Austen, Jane","PRTRW","Printers Row Pub Group","$14.99","$8.54","4/1/2013",,"BOOK","Paperback","PAP",,"Reprint",,,,"2012037811","823/.7","PR4034 .P4 2013B","FIC004000","OEBT_T437765_CLASSICS","Ordered","CLASSICS",,"4/17/2018 11:19:43 AM","0001","0001","0","0","Literature Classics",,,,,,,,,,,,,,,,,
"9781607105558","1607105551",,"0010853027",,"Sense and Sensibility",,"Austen, Jane","PRTRW","Printers Row Pub Group","$14.99","$8.54","9/1/2012",,"BOOK","Paperback","PAP",,"Reprint","Leather",,,"2011049593","823/.7","PR4034 .S4 2012B","FIC004000","OEBT_T437765_CLASSICS","Ordered","CLASSICS",,"4/17/2018 11:19:43 AM","0001","0001","0","0","Literature Classics",,,,,,,,,,,,,,,,,
"9781626869745","162686974X",,"0019587147",,"Northanger Abbey",,"Austen, Jane","PRTRW","Printers Row Pub Group","$14.99","$8.54","4/1/2017",,"BOOK","Paperback","PAP",,,"Leather",,,"2016041257","823/.7","PR4034 .N7 2017B","FIC004000","OEBT_T437765_CLASSICS","Ordered","CLASSICS",,"4/17/2018 11:19:43 AM","0001","0001","0","0","Literature Classics",,,,,,,,,,,,,,,,,
"9780811216715","0811216713",,"0006803398",,"Nightwood",,"Barnes, Djuna","NORTD","W W Norton & Co Inc","$14.95","$8.52","9/1/2006",,"BOOK","Paperback","PAP",,,,,,"2006019359","813/.52","PS3503.A614 N5 2006","FIC004000","OEBT_T437765_CLASSICS","Ordered","CLASSICS",,"4/17/2018 11:19:43 AM","0001","0001","0","0","Literature Classics",,,,,,,,,,,,,,,,,
"9781626863927","162686392X",,"0015658392",,"Peter Pan",,"Barrie, J. M.","PRTRW","Printers Row Pub Group","$14.99","$8.54","7/14/2015",,"BOOK","Paperback","PAP",,,,,,"2014030959","FIC","PZ7.B27539 PD 2015","FIC004000","OEBT_T437765_CLASSICS","Ordered","CLASSICS",,"4/17/2018 11:19:43 AM","0001","0001","0","0","Literature Classics",,,,,,,,,,,,,,,,,
"9780199535583","0199535582",,"0007631725",,"The Flowers of Evil",,"Baudelaire, Charles","UOXFT","Oxford Univ Pr","$13.95","$7.95","5/15/2008",,"BOOK","Paperback","PAP",,,,,,"2008273819","841/.8","PQ2191.F6 E5 2008","FIC004000","OEBT_T437765_CLASSICS","Ordered","CLASSICS",,"4/17/2018 11:19:43 AM","0001","0001","0","0","Literature Classics",,,,,,,,,,,,,,,,,
"9781607109433","1607109433",,"0012784085",,"The Wizard of Oz",,"Baum, L. Frank","PRTRW","Printers Row Pub Group","$14.99","$8.54","10/15/2013",,"BOOK","Paperback","PAP",,"Reprint",,,,"2013006186","FIC","PZ7.B327 WON 2013F","FIC004000","OEBT_T437765_CLASSICS","Ordered","CLASSICS",,"4/17/2018 11:19:43 AM","0001","0001","0","0","Literature Classics",,,,,,,,,,,,,,,,,
"9780811216999","0811216993",,"0007086789",,"Labyrinths","Selected Stories & Other Writings","Borges, Jorge Luis","NORTD","W W Norton & Co Inc","$15.95","$9.09","5/1/2007",,"BOOK","Paperback","PAP",,"Reprint",,,,"2006103181","868/.6209","PQ7797.B635 A2 2007","LCO002000","OEBT_T437765_CLASSICS","Ordered","CLASSICS",,"4/17/2018 11:19:43 AM","0001","0001","0","0","Literature Classics",,,,,,,,,,,,,,,,,
"9780811218832","081121883X",,"0008629093",,"Everything and Nothing",,"Borges, Jorge Luis","NORTD","W W Norton & Co Inc","$11.95","$6.81","5/25/2010",,"BOOK","Paperback","PAP",,"Reprint",,,,"2010279759","808","PQ7797.B635 A6 2010B","LCO007000","OEBT_T437765_CLASSICS","Ordered","CLASSICS",,"4/17/2018 11:19:43 AM","0001","0000","1","0","Literature Classics",,,,,,,,,,,,,,,,,
"9781476784403","147678440X",,"0014639361",,"Never Can Say Goodbye","Writers on Their Unshakable Love for New York","Botton, Sari","SMNPB","Simon & Schuster","$16.99","$9.68","10/14/2014",,"BOOK","Paperback","PAP",,,,,,"2014021591","810.8/03587471","PS549.N5 N38 2014","LCO010000","OEBT_T437765_CLASSICS","Ordered","CLASSICS",,"4/17/2018 11:19:43 AM","0001","0001","0","0","Literature Classics",,,,,,,,,,,,,,,,,
"9781451673319","1451673310",,"0010412988",,"Fahrenheit 451",,"Bradbury, Ray","SMNPB","Simon & Schuster","$15.99","$9.11","1/10/2012",,"BOOK","Paperback","PAP",,"Reprint",,,,"bl2012001856","813/.54","PS3503.R167 F3 2012","FIC004000","OEBT_T437765_CLASSICS","Ordered","CLASSICS",,"4/17/2018 11:19:43 AM","0002","0002","0","0","Literature Classics",,,,,,,,,,,,,,,,,
"9781501167713","1501167715",,"0020457545",,"Something Wicked This Way Comes",,"Bradbury, Ray","SMNPB","Simon & Schuster","$15.99","$9.11","10/24/2017",,"BOOK","Paperback","PAP",,"Reprint",,,,"2017298251","813/.54","PS3503.R167 S66 2017","FIC004000","OEBT_T437765_CLASSICS","Ordered","CLASSICS",,"4/17/2018 11:19:43 AM","0001","0001","0","0","Literature Classics",,,,,,,,,,,,,,,,,
"9780307455192","030745519X",,"0007879285",,"Jane Eyre",,"Bronte, Charlotte","RANDO","Random House Inc","$9.00","$5.13","4/7/2009",,"BOOK","Paperback","PAP",,"Reprint",,,,"2009291460","823/.8","PR4167 .J3 2009","FIC004000","OEBT_T437765_CLASSICS","Ordered","CLASSICS",,"4/17/2018 11:19:43 AM","0001","0001","0","0","Literature Classics",,,,,,,,,,,,,,,,,
"9781607107309","1607107309",,"0012025169",,"The Brothers Grimm","110 Grimmer Fairy Tales","Brothers Grimm","PRTRW","Printers Row Pub Group","$14.99","$8.54","5/13/2013",,"BOOK","Paperback","PAP",,,"Leather",,,"2012041469","398.20943","GR166 .K53213 2013","FIC004000","OEBT_T437765_CLASSICS","Ordered","CLASSICS",,"4/17/2018 11:19:43 AM","0001","0001","0","0","Literature Classics",,,,,,,,,,,,,,,,,
"9780743272933","0743272935",,"0006095385",,"The Good Earth",,"Buck, Pearl S.","POCTP","Pocket Books","$16.00","$9.12","9/15/2004",,"BOOK","Paperback","PAP",,,,,,"bl2004111716","813/.52","PS3503.U198 G6 2004","FIC004000","OEBT_T437765_CLASSICS","Ordered","CLASSICS",,"4/17/2018 11:19:43 AM","0001","0001","0","0","Literature Classics",,,,,,,,,,,,,,,,,
"9781626864696","1626864691",,"0016705003",,"Bulfinch's Mythology","Stories of Gods and Heroes","Bulfinch, Thomas","PRTRW","Printers Row Pub Group","$14.99","$8.54","10/1/2015",,"BOOK","Paperback","PAP",,"Reprint",,,,"2014050234","292.1/3","BL723 .B85 2015","FIC004000","OEBT_T437765_CLASSICS","Ordered","CLASSICS",,"4/17/2018 11:19:43 AM","0001","0001","0","0","Literature Classics",,,,,,,,,,,,,,,,,
"9781596068278","1596068272",,"0020742797",,"The Crow's Dinner",,"Carroll, Jonathan","SBTRN","Subterranean Pr","$40.00","$22.80","8/31/2017",,"BOOK","Hardcover","HRD",,"Deluxe;Limited",,,,"bl2017044503","814/.54","PS3553.A7646 A6 2017","LCO010000","OEBT_T437765_CLASSICS","Ordered","CLASSICS",,"4/17/2018 11:19:43 AM","0001","0001","0","0","Literature Classics",,,,,,,,,,,,,,,,,
"9780679741879","0679741879",,"0001652261",,"My Antonia",,"Cather, Willa","RANDO","Random House Inc","$10.00","$5.70","3/1/1994",,"BOOK","Paperback","PAP",,"Reprint",,,,"93043717","813/.52","PS3505.A87 M8 1994B","FIC004000","OEBT_T437765_CLASSICS","Ordered","CLASSICS",,"4/17/2018 11:19:43 AM","0001","0001","0","0","Literature Classics",,,,,,,,,,,,,,,,,
"9781607105527","1607105527",,"0011042848",,"Great Expectations",,"Dickens, Charles","PRTRW","Printers Row Pub Group","$14.99","$8.54","9/1/2012",,"BOOK","Paperback","PAP",,,"Leather",,,"2011049471","823/.8","PR4560 .A1 2012","FIC004000","OEBT_T437765_CLASSICS","Ordered","CLASSICS",,"4/17/2018 11:19:43 AM","0001","0001","0","0","Literature Classics",,,,,,,,,,,,,,,,,
"9780679729655","0679729658",,"0001749454",,"A Tale of Two Cities",,"Dickens, Charles","RANDO","Random House Inc","$11.00","$6.27","7/1/1990",,"BOOK","Paperback","PAP",,"Reissue",,,,"90012136","823/.8","PR4571.A2 S56 1990","FIC004000","OEBT_T437765_CLASSICS","Ordered","CLASSICS",,"4/17/2018 11:19:43 AM","0001","0001","0","0","Literature Classics",,,,,,,,,,,,,,,,,
"9781607105565","160710556X",,"0011243974",,"The Adventures of Sherlock Holmes",,"Doyle, Arthur Conan, Sir","PRTRW","Printers Row Pub Group","$14.99","$8.54","9/1/2012",,"BOOK","Paperback","PAP",,"Reprint","Leather",,,"2011049594","823/.8","PR4621 2012","FIC004000","OEBT_T437765_CLASSICS","Ordered","CLASSICS",,"4/17/2018 11:19:43 AM","0001","0001","0","0","Literature Classics",,,,,,,,,,,,,,,,,
"9781607107316","1607107317",,"0012025171",,"The Count of Monte Cristo",,"Dumas, Alexandre","PRTRW","Printers Row Pub Group","$16.99","$9.68","5/13/2013",,"BOOK","Paperback","PAP",,"Reprint","Leather",,,"2012039625","843/.7","PQ2226 .A31 2013","FIC004000","OEBT_T437765_CLASSICS","Ordered","CLASSICS",,"4/17/2018 11:19:43 AM","0001","0001","0","0","Literature Classics",,,,,,,,,,,,,,,,,
"9781501189401","1501189409",,"0021140435",,"The Nobel Lecture",,"Dylan, Bob","SIMON","Simon & Schuster","$16.99","$9.68","10/31/2017",,"BOOK","Hardcover","HRD",,,,,,"2017041908","782.42164092","ML420.D98 A5 2017","LCO018000","OEBT_T437765_CLASSICS","Ordered","CLASSICS",,"4/17/2018 11:19:43 AM","0002","0002","0","0","Literature Classics",,,,,,,,,,,,,,,,,
"9780486469478","0486469476",,"0007797537",,"Nature and Other Essays",,"Emerson, Edward Waldo","DOVER","Dover Pubns","$5.00","$2.85","1/15/2009",,"BOOK","Paperback","PAP",,,,,,"2008046224","814/.3","PS1613 .A1 2009","LCO010000","OEBT_T437765_CLASSICS","Ordered","CLASSICS",,"4/17/2018 11:19:43 AM","0001","0000","1","0","Literature Classics",,,,,,,,,,,,,,,,,
"9780486277905","0486277909",,"0002284312",,"Self-Reliance and Other Essays",,"Emerson, Ralph Waldo","DOVER","Dover Pubns","$4.00","$2.28","10/13/1993",,"BOOK","Paperback","PAP",,"Unabridged",,,,"93016611","814/.3","PS1614 .A1 1993","LCO010000","OEBT_T437765_CLASSICS","Ordered","CLASSICS",,"4/17/2018 11:19:43 AM","0001","0000","1","0","Literature Classics",,,,,,,,,,,,,,,,,
"9780743273565","0743273567",,"0006129173",,"The Great Gatsby",,"Fitzgerald, F. Scott","SMNPB","Simon & Schuster","$17.00","$9.69","9/30/2004",,"BOOK","Paperback","PAP",,"Reissue",,,,"bl2005002478","813/.52","PS3511.I9 G7 2004","FIC004000","OEBT_T437765_CLASSICS","Ordered","CLASSICS",,"4/17/2018 11:19:43 AM","0002","0002","0","0","Literature Classics",,,,,,,,,,,,,,,,,
"9780684843780","0684843781",,"0003110772",,"This Side of Paradise",,"Fitzgerald, F. Scott","SMNPB","Simon & Schuster","$16.00","$9.12","7/1/1998",,"BOOK","Paperback","PAP",,,,,,"77094457","813/.52","PS3511.I9 T48 1995","FIC004000","OEBT_T437765_CLASSICS","Ordered","CLASSICS",,"4/17/2018 11:19:43 AM","0001","0001","0","0","Literature Classics",,,,,,,,,,,,,,,,,
"9780811219266","0811219267",,"0009284530",,"On Booze",,"Fitzgerald, F. Scott","NORTD","W W Norton & Co Inc","$10.95","$6.24","6/28/2011",,"BOOK","Paperback","PAP","1","Edit.1;",,,,"2011007596","818/.52","PS3511.I9 A6 2011","LCO002000","OEBT_T437765_CLASSICS","Ordered","CLASSICS",,"4/17/2018 11:19:43 AM","0001","0001","0","0","Literature Classics",,,,,,,,,,,,,,,,,
"9780871407535","0871407531",,"0020302814",,"The Annotated African American Folktales",,"Gates, Henry Louis","NORTO","W W Norton & Co Inc","$39.95","$22.77","11/14/2017",,"BOOK","Hardcover","HRD",,"Annotated",,,,"2017042550","398.2089/96073","GR111.A47 A55 2018","LCO002010","OEBT_T437765_CLASSICS","Ordered","CLASSICS",,"4/17/2018 11:19:43 AM","0001","0001","0","0","Literature Classics",,,,,,,,,,,,,,,,,
"9781628728255","1628728256",,"0020442669",,"The Little Virtues","Essays","Ginzburg, Natalia","TWRDB","Two Rivers Distribution","$14.99","$8.54","9/12/2017",,"BOOK","Paperback","PAP",,"Reprint",,,,,"808","PN","LCO010000","OEBT_T437765_CLASSICS","Ordered","CLASSICS",,"4/17/2018 11:19:43 AM","0001","0001","0","0","Literature Classics",,,,,,,,,,,,,,,,,
"9781607105572","1607105578",,"0011243975",,"The Brothers Grimm","101 Fairy Tales","Grimm, Jacob","PRTRW","Printers Row Pub Group","$14.99","$8.54","9/1/2012",,"BOOK","Paperback","PAP",,,"Leather",,,"2011052752","398.20943","GR166 .K5312 2012","FIC004000","OEBT_T437765_CLASSICS","Ordered","CLASSICS",,"4/17/2018 11:19:43 AM","0001","0000","1","0","Literature Classics",,,,,,,,,,,,,,,,,
"9781451626650","1451626657",,"0009227820",,"Catch 22",,"Heller, Joseph","SMNPB","Simon & Schuster","$18.00","$10.26","4/5/2011",,"BOOK","Paperback","PAP","50","Edit.50;Anniversary",,,,"bl2011009355","813/.54","PS3558.E476 C3 2011B","FIC004000","OEBT_T437765_CLASSICS","Ordered","CLASSICS",,"4/17/2018 11:19:43 AM","0002","0000","0","0","Literature Classics",,,,,,,,,,,,,,,,,
"9781476764528","1476764522",,"0013988089",,"A Farewell to Arms","The Hemingway Library Edition","Hemingway, Ernest","SMNPB","Simon & Schuster","$17.00","$9.69","7/8/2014",,"BOOK","Paperback","PAP",,"Reprint",,,,"bl2014027914","813/.52","PS3515.E37 F3 2014","FIC004000","OEBT_T437765_CLASSICS","Ordered","CLASSICS",,"4/17/2018 11:19:43 AM","0001","0001","0","0","Literature Classics",,,,,,,,,,,,,,,,,
"9781501121968","1501121960",,"0017650340",,"The Sun Also Rises","The Hemingway Library Edition","Hemingway, Ernest","SMNPB","Simon & Schuster","$17.00","$9.69","2/16/2016",,"BOOK","Paperback","PAP",,,,,,"2016299005","813/.52","PS3515.E37 S8 2016","FIC004000","OEBT_T437765_CLASSICS","Ordered","CLASSICS",,"4/17/2018 11:19:43 AM","0001","0000","0","0","Literature Classics",,,,,,,,,,,,,,,,,
"9780393254815","039325481X",,"0019640166",,"Morningstar","Growing Up With Books","Hood, Ann","NORTO","W W Norton & Co Inc","$22.95","$13.08","8/1/2017",,"BOOK","Hardcover","HRD",,,,,,"2017015737","813/.54","PS3558.O537 Z46 2017","LCO010000","OEBT_T437765_CLASSICS","Ordered","CLASSICS",,"4/17/2018 11:19:43 AM","0001","0001","0","0","Literature Classics",,,,,,,,,,,,,,,,,
"9781607108160","160710816X",,"0011936094",,"Les Miserables",,"Hugo, Victor","PRTRW","Printers Row Pub Group","$16.99","$9.68","12/3/2012",,"BOOK","Paperback","PAP",,"Reprint",,,,"2012032493","843/.7","PQ2286 .A38 2012","FIC004000","OEBT_T437765_CLASSICS","Ordered","CLASSICS",,"4/17/2018 11:19:43 AM","0001","0000","1","0","Literature Classics",,,,,,,,,,,,,,,,,
"9780811218047","081121804X",,"0007781919",,"The Berlin Stories",,"Isherwood, Christopher","NORTD","W W Norton & Co Inc","$17.95","$10.23","9/1/2008",,"BOOK","Paperback","PAP",,"Reissue",,,,"2008023325","823/.912","PR6017.S5 L37 2008","FIC004000","OEBT_T437765_CLASSICS","Ordered","CLASSICS",,"4/17/2018 11:19:43 AM","0001","0000","1","0","Literature Classics",,,,,,,,,,,,,,,,,
"9780393347098","0393347095",,"0013394318",,"The Metamorphosis","A New Translation by Susan Bernofsky","Kafka, Franz","NORTO","W W Norton & Co Inc","$10.95","$6.24","1/20/2014",,"BOOK","Paperback","PAP",,,,,,"2013033145","833/.912","PT2621.A26 V413 2014","FIC004000","OEBT_T437765_CLASSICS","Ordered","CLASSICS",,"4/17/2018 11:19:43 AM","0001","0001","0","0","Literature Classics",,,,,,,,,,,,,,,,,
"9781476753911","1476753911",,"0015252970",,"The Opposite of Loneliness","Essays and Stories","Keegan, Marina","SMNPB","Simon & Schuster","$15.00","$8.55","4/14/2015",,"BOOK","Paperback","PAP",,"Reprint",,,,"bl2015015864","818/.609","PS3611.E3335 A6 2015","LCO010000","OEBT_T437765_CLASSICS","Ordered","CLASSICS",,"4/17/2018 11:19:43 AM","0001","0001","0","0","Literature Classics",,,,,,,,,,,,,,,,,
"9781941040683","1941040683",,"0019672936",,"The Hidden Machinery","Essays on Writing","Livesey, Margot","NORTD","W W Norton & Co Inc","$15.95","$9.09","7/4/2017",,"BOOK","Paperback","PAP",,,,,,"2016056392","808.3","PN3355 .L557 2017","LCO010000","OEBT_T437765_CLASSICS","Ordered","CLASSICS",,"4/17/2018 11:19:43 AM","0001","0001","0","0","Literature Classics",,,,,,,,,,,,,,,,,
"9780804168854","0804168857",,"0013376478",,"The Call of the Wild / White Fang",,"London, Jack","RANDO","Random House Inc","$7.95","$4.53","2/25/2014",,"BOOK","Paperback","PAP",,"Reprint",,,,"bl2014043966","813/.52","PS3523.O46 A6 2014","FIC004000","OEBT_T437765_CLASSICS","Ordered","CLASSICS",,"4/17/2018 11:19:43 AM","0001","0001","0","0","Literature Classics",,,,,,,,,,,,,,,,,
"9780871404534","0871404532",,"0014392021",,"The New Annotated H. P. Lovecraft",,"Lovecraft, H. P.","NORTO","W W Norton & Co Inc","$39.95","$22.77","10/13/2014","OS","BOOK","Hardcover","HRD",,,,,,"2014026212","813/.52","PS3523.O833 A6 2014","FIC004000","OEBT_T437765_CLASSICS","Ordered","CLASSICS",,"4/17/2018 11:19:43 AM","0001","0000","1","0","Literature Classics",,,,,,,,,,,,,,,,,
"9781501134579","1501134574",,"0018514266",,"Scratch","Writers, Money, and the Art of Making a Living","Martin, Manjula","SMNPB","Simon & Schuster","$16.00","$9.12","1/3/2017",,"BOOK","Paperback","PAP",,,,,,"2016024580","808.02023","PN101 .S33 2017","LCO010000","OEBT_T437765_CLASSICS","Ordered","CLASSICS",,"4/17/2018 11:19:43 AM","0001","0001","0","0","Literature Classics",,,,,,,,,,,,,,,,,
"9781626860575","1626860572",,"0013808443",,"Moby-Dick","Or, the Whale","Melville, Herman","PRTRW","Printers Row Pub Group","$14.99","$8.54","5/1/2014",,"BOOK","Paperback","PAP",,"Reprint",,,,"2013026456","813/.3","PS2384 .M6 2014","FIC004000","OEBT_T437765_CLASSICS","Ordered","CLASSICS",,"4/17/2018 11:19:43 AM","0001","0001","0","0","Literature Classics",,,,,,,,,,,,,,,,,
"9781451635621","1451635621",,"0009406814",,"Gone with the Wind",,"Mitchell, Margaret","SMNPB","Simon & Schuster","$19.99","$11.39","5/3/2011",,"BOOK","Paperback","PAP","75","Edit.75;Reprint;Anniversary",,,,"bl2011012567","813/.52","PS3525.I972 G6 2011","FIC004000","OEBT_T437765_CLASSICS","Ordered","CLASSICS",,"4/17/2018 11:19:43 AM","0001","0001","0","0","Literature Classics",,,,,,,,,,,,,,,,,
"9781607107286","1607107287",,"0012025147",,"Anne of Green Gables",,"Montgomery, L. M.","PRTRW","Printers Row Pub Group","$14.99","$8.54","4/1/2013",,"BOOK","Paperback","PAP",,"Reprint",,,,"2012029996","FIC","PZ7.M768 AN 2013","FIC004000","OEBT_T437765_CLASSICS","Ordered","CLASSICS",,"4/17/2018 11:19:43 AM","0001","0001","0","0","Literature Classics",,,,,,,,,,,,,,,,,
"9781941411391","1941411398",,"0018652277",,"Animals Strike Curious Poses",,"Passarello, Elena","CNSRB","Consortium Book Sales & Dist","$19.95","$11.37","2/28/2017",,"BOOK","Hardcover","HRD",,,,,,"2016039498","814/.6","PS3616.A856 A6 2017","LCO010000","OEBT_T437765_CLASSICS","Ordered","CLASSICS",,"4/17/2018 11:19:43 AM","0001","0001","0","0","Literature Classics",,,,,,,,,,,,,,,,,
"9780743262170","0743262174",,"0004323099",,"Cry, the Beloved Country",,"Paton, Alan","SMNPB","Simon & Schuster","$17.00","$9.69","11/1/2003",,"BOOK","Paperback","PAP",,,,,,"BL 99768369","823","PR9369.3.P37 C7 1995","FIC004000","OEBT_T437765_CLASSICS","Ordered","CLASSICS",,"4/17/2018 11:19:43 AM","0001","0001","0","0","Literature Classics",,,,,,,,,,,,,,,,,
"9780811226936","081122693X",,"0019720544",,"The Book of Disquiet","The Complete Edition","Pessoa, Fernando","NORTD","W W Norton & Co Inc","$24.95","$14.22","8/29/2017",,"BOOK","Hardcover","HRD",,,,,,"2017000589","869.1/41","PQ9261.P417 Z46213 2017","FIC004000","OEBT_T437765_CLASSICS","Ordered","CLASSICS",,"4/17/2018 11:19:43 AM","0002","0002","0","0","Literature Classics",,,,,,,,,,,,,,,,,
"9781607103141","1607103141",,"0009707234",,"Edgar Allan Poe","Collected Works: Stories and Poems","Poe, Edgar Allan","PRTRW","Printers Row Pub Group","$24.99","$14.24","11/1/2011",,"BOOK","Hardcover","HRD",,"Reprint","Leather",,,"2011014415","813/.3","PS2600 .G11 2011","FIC004000","OEBT_T437765_CLASSICS","Ordered","CLASSICS",,"4/17/2018 11:19:43 AM","0001","0000","1","0","Literature Classics",,,,,,,,,,,,,,,,,
"9780811220354","0811220354",,"0011021563",,"Exercises in Style",,"Queneau, Raymond","NORTD","W W Norton & Co Inc","$16.95","$9.66","1/31/2013",,"BOOK","Paperback","PAP",,,,,,"2012023824","843/.914","PQ2633.U43 E93 2012","FIC004000","OEBT_T437765_CLASSICS","Ordered","CLASSICS",,"4/17/2018 11:19:43 AM","0001","0001","0","0","Literature Classics",,,,,,,,,,,,,,,,,
"9780393352566","0393352560",,"0017143604",,"Wide Sargasso Sea",,"Rhys, Jean","NORTO","W W Norton & Co Inc","$14.95","$8.52","1/25/2016",,"BOOK","Paperback","PAP",,"Reissue",,,,"2015050323","823/.912","PR6035.H96 W5 2016","FIC004000","OEBT_T437765_CLASSICS","Ordered","CLASSICS",,"4/17/2018 11:19:43 AM","0001","0001","0","0","Literature Classics",,,,,,,,,,,,,,,,,
"9780393310399","0393310396",,"0002328421",,"Letters to a Young Poet",,"Rilke, Rainer Maria","NORTO","W W Norton & Co Inc","$12.95","$7.38","12/1/1993",,"BOOK","Paperback","PAP",,"Reissue",,,,"BL 99789895","831/.912","PT2635.I65 Z53713 1993","LCO011000","OEBT_T437765_CLASSICS","Ordered","CLASSICS",,"4/17/2018 11:19:43 AM","0001","0001","0","0","Literature Classics",,,,,,,,,,,,,,,,,
"9780811220309","0811220303",,"0011021564",,"Nausea",,"Sartre, Jean-Paul","NORTD","W W Norton & Co Inc","$14.95","$8.52","3/25/2013",,"BOOK","Paperback","PAP",,,,,,"2012050355","843/.914","PQ2637.A82 N313 2013","FIC004000","OEBT_T437765_CLASSICS","Ordered","CLASSICS",,"4/17/2018 11:19:43 AM","0001","0000","1","0","Literature Classics",,,,,,,,,,,,,,,,,
"9780871409492","0871409496",,"0019640251",,"The New Annotated Frankenstein",,"Shelley, Mary Wollstonecraft","NORTO","W W Norton & Co Inc","$35.00","$19.95","8/8/2017",,"BOOK","Hardcover","HRD","1","Edit.1;",,,,"2017015156","823/.7","PR5397 .F7 2017","FIC004000","OEBT_T437765_CLASSICS","Ordered","CLASSICS",,"4/17/2018 11:19:43 AM","0001","0001","0","0","Literature Classics",,,,,,,,,,,,,,,,,
"9781941040720","1941040721",,"0020458112",,"The Tunnel at the End of the Light","Essays on Movies and Politics","Shepard, Jim","NORTD","W W Norton & Co Inc","$15.95","$9.09","9/12/2017",,"BOOK","Paperback","PAP",,,,,,"2017010540","791.43019","PN1995 .S4859 2017","LCO010000","OEBT_T437765_CLASSICS","Ordered","CLASSICS",,"4/17/2018 11:19:43 AM","0001","0001","0","0","Literature Classics",,,,,,,,,,,,,,,,,
"9781626862562","1626862567",,"0014862947",,"Treasure Island",,"Stevenson, Robert Louis","PRTRW","Printers Row Pub Group","$14.99","$8.54","10/28/2014",,"BOOK","Paperback","PAP",,"Reprint",,,,"2014003193","FIC","PZ7.S8482 TR 2014","FIC004000","OEBT_T437765_CLASSICS","Ordered","CLASSICS",,"4/17/2018 11:19:43 AM","0001","0001","0","0","Literature Classics",,,,,,,,,,,,,,,,,
"9781607105510","1607105519",,"0011243968",,"Dracula",,"Stoker, Bram","PRTRW","Printers Row Pub Group","$14.99","$8.54","9/1/2012",,"BOOK","Paperback","PAP",,"Reprint","Leather",,,"2011046322","823/.8","PR6037.T617 D7 2012","FIC004000","OEBT_T437765_CLASSICS","Ordered","CLASSICS",,"4/17/2018 11:19:43 AM","0001","0001","0","0","Literature Classics",,,,,,,,,,,,,,,,,
"9780884486138","0884486133",,"0020457964",,"Walking",,"Thoreau, Henry David","NORTD","W W Norton & Co Inc","$16.95","$9.66","9/12/2017",,"BOOK","Hardcover","HRD",,,,,,"bl2017038355","814/.3","PS3051 .W35 2017","LCO010000","OEBT_T437765_CLASSICS","Ordered","CLASSICS",,"4/17/2018 11:19:43 AM","0001","0001","0","0","Literature Classics",,,,,,,,,,,,,,,,,
"9780307388865","0307388867",,"0008753649",,"The Death of Ivan Ilyich and Other Stories",,"Tolstoy, Leo","RANDO","Random House Inc","$16.95","$9.66","10/5/2010",,"BOOK","Paperback","PAP",,,,,,"bl2012021460","891.73/3","PG3366.A13 P47 2010","FIC004000","OEBT_T437765_CLASSICS","Ordered","CLASSICS",,"4/17/2018 11:19:43 AM","0001","0001","0","0","Literature Classics",,,,,,,,,,,,,,,,,
"9781607109471","1607109476",,"0012784046",,"Aesop's Fables",,"Vernon Jones, V. S.","PRTRW","Printers Row Pub Group","$14.99","$8.54","10/15/2013",,"BOOK","Paperback","PAP",,,,,,"2013005993","398.2","PZ8.2 .A254 2013","LCO003000","OEBT_T437765_CLASSICS","Ordered","CLASSICS",,"4/17/2018 11:19:43 AM","0001","0001","0","0","Literature Classics",,,,,,,,,,,,,,,,,
"9780226450186","022645018X",,"0020373943",,"The Aeneid",,"Virgil","UCHTR","Univ of Chicago Pr","$35.00","$19.95","9/29/2017","OS","BOOK","Hardcover","HRD",,,,,,"2017002329","873/.01","PA6807.A5 F47 2017","FIC004000","OEBT_T437765_CLASSICS","Ordered","CLASSICS",,"4/17/2018 11:19:43 AM","0001","0001","0","0","Literature Classics",,,,,,,,,,,,,,,,,
"9781626860568","1626860564",,"0013808451",,"The Age of Innocence",,"Wharton, Edith","PRTRW","Printers Row Pub Group","$14.99","$8.54","5/1/2014",,"BOOK","Paperback","PAP",,"Reprint",,,,"2013026455","813/.52","PS3545.H16 A7 2014","FIC004000","OEBT_T437765_CLASSICS","Ordered","CLASSICS",,"4/17/2018 11:19:43 AM","0001","0001","0","0","Literature Classics",,,,,,,,,,,,,,,,,
"9780884481928","0884481921",,"0002986028",,"One Man's Meat",,"White, E. B.","NORTD","W W Norton & Co Inc","$16.95","$9.66","7/1/1997",,"BOOK","Paperback","PAP",,,,,,"97021257","814/.52","PS3545.H5187 O5 1997","LCO010000","OEBT_T437765_CLASSICS","Ordered","CLASSICS",,"4/17/2018 11:19:43 AM","0001","0001","0","0","Literature Classics",,,,,,,,,,,,,,,,,
"9780884483427","0884483428",,"0018341465",,"E. B. White on Dogs",,"White, E. B.","NORTD","W W Norton & Co Inc","$16.95","$9.66","3/7/2016",,"BOOK","Paperback","PAP",,"Reprint",,,,"2012048622","818/.5209","PS3545.H5187 A6 2013","LCO010000","OEBT_T437765_CLASSICS","Ordered","CLASSICS",,"4/17/2018 11:19:43 AM","0001","0001","0","0","Literature Classics",,,,,,,,,,,,,,,,,
"9781609385101","1609385101",,"0020385404",,"Life and Adventures of Jack Engle","An Auto-Biography: A Story of New York at the Present Time in Which the Reader Will Find Some Familiar Characters","Whitman, Walt","UIOWA","Univ of Iowa Pr","$14.00","$7.98","2/17/2017",,"BOOK","Paperback","PAP",,,,,,"2016057141","813/.3","PS3222 .L54 2017","FIC004000","OEBT_T437765_CLASSICS","Ordered","CLASSICS",,"4/17/2018 11:19:43 AM","0001","0001","0","0","Literature Classics",,,,,,,,,,,,,,,,,
"9781416531746","1416531742",,"0007083436",,"Touchstone Anthology of Contemporary Creative Nonfiction","Work from 1970 to the Present","Williford, Lex","SMNPB","Simon & Schuster","$21.00","$11.97","12/11/2007",,"BOOK","Paperback","PAP",,,,,,"2007039255","814/.5408","PS688 .T68 2007","LCO010000","OEBT_T437765_CLASSICS","Ordered","CLASSICS",,"4/17/2018 11:19:43 AM","0001","0001","0","0","Literature Classics",,,,,,,,,,,,,,,,,
"9780743297318","0743297318",,"0006798194",,"Look Homeward, Angel",,"Wolfe, Thomas","SMNPB","Simon & Schuster","$20.00","$11.40","10/10/2006",,"BOOK","Paperback","PAP",,,,,,"bl2012004122","813/.52","PS3545.O337 L6 2006","FIC004000","OEBT_T437765_CLASSICS","Ordered","CLASSICS",,"4/17/2018 11:19:43 AM","0001","0001","0","0","Literature Classics",,,,,,,,,,,,,,,,,
"9781782272519","1782272518",,"0018594958",,"On Reading, Writing and Living With Books",,"Woolf, Virginia","RANDO","Random House Inc","$9.95","$5.67","4/4/2017",,"BOOK","Paperback","PAP",,,,,,,"808","PN","LCO010000","OEBT_T437765_CLASSICS","Ordered","CLASSICS",,"4/17/2018 11:19:43 AM","0001","0001","0","0","Literature Classics",,,,,,,,,,,,,,,,,